title;rank;cursor_options;emt_signals;rms_signals;time_ranges
#FancyName;999;min_max;V_neg_pu_PoC_ENDK;;
#FancyName2;999;average;Id_neg_pu_PoC_ENDK,V_neg_pu_PoC_ENDK;;
#Plot1;999;min_max,average;V_A_RMS_pu_PoC_ENDK,V_B_RMS_pu_PoC_ENDK;;0
#Plot2;999;min_max,average;;meas\m:u:bus2:A in p.u.,meas\m:u:bus2:B in p.u.;0,2
#Plot3;999;min_max,average;V_neg_pu_PoC_ENDK;;0,2.2
#Plot4;999;min_max,average;V_A_RMS_pu_PoC_ENDK;;0,2.2
#Plot5;999;min_max,average;V_B_RMS_pu_PoC_ENDK;;0,2.2
Active power - EMT;1;min_max,average;P_pu_PoC;;0
Active power - RMS;1;min_max,average;;meas\s:ppoc_pu;0
Reactive power - EMT;1;min_max,average;Q_pu_PoC;;0
Reactive power - RMS;1;min_max,average;;meas\s:qpoc_pu;0
Active power - EMT;2;min_max,average;P_pu_PoC;;0
Active power - RMS;2;min_max,average;;meas\s:ppoc_pu;0
Reactive power - EMT;2;min_max,average;Q_pu_PoC;;0
Reactive power - RMS;2;min_max,average;;meas\s:qpoc_pu;0
Active power - EMT;3;min_max,average;P_pu_PoC;;0
Active power - RMS;3;min_max,average;;meas\s:ppoc_pu;0
Reactive power - EMT;3;min_max,average;Q_pu_PoC;;0
Reactive power - RMS;3;min_max,average;;meas\s:qpoc_pu;0
Active power - EMT;4;min_max,average;P_pu_PoC;;0
Active power - RMS;4;min_max,average;;meas\s:ppoc_pu;0
Reactive power - EMT;4;min_max,average;Q_pu_PoC;;0
Reactive power - RMS;4;min_max,average;;meas\s:qpoc_pu;0
Active power - EMT;5;min_max,average;P_pu_PoC;;0
Active power - RMS;5;min_max,average;;meas\s:ppoc_pu;0
Reactive power - EMT;5;min_max,average;Q_pu_PoC;;0
Reactive power - RMS;5;min_max,average;;meas\s:qpoc_pu;0
Active power - EMT;6;min_max,average;P_pu_PoC;;0
Active power - RMS;6;min_max,average;;meas\s:ppoc_pu;0
Reactive power - EMT;6;min_max,average;Q_pu_PoC;;0
Reactive power - RMS;6;min_max,average;;meas\s:qpoc_pu;0
Active power - EMT;7;min_max,average;P_pu_PoC;;0
Active power - RMS;7;min_max,average;;meas\s:ppoc_pu;0
Reactive power - EMT;7;min_max,average;Q_pu_PoC;;0
Reactive power - RMS;7;min_max,average;;meas\s:qpoc_pu;0
Active power - EMT;8;min_max,average;P_pu_PoC;;0
Active power - RMS;8;min_max,average;;meas\s:ppoc_pu;0
Reactive power - EMT;8;min_max,average;Q_pu_PoC;;0
Reactive power - RMS;8;min_max,average;;meas\s:qpoc_pu;0
Active power - EMT;9;min_max,average;P_pu_PoC;;0
Active power - RMS;9;min_max,average;;meas\s:ppoc_pu;0
Reactive power - EMT;9;min_max,average;Q_pu_PoC;;0
Reactive power - RMS;9;min_max,average;;meas\s:qpoc_pu;0
Active power - EMT;10;min_max,average;P_pu_PoC;;0
Active power - RMS;10;min_max,average;;meas\s:ppoc_pu;0
Reactive power - EMT;10;min_max,average;Q_pu_PoC;;0
Reactive power - RMS;10;min_max,average;;meas\s:qpoc_pu;0
Active power - EMT;11;min_max,average;P_pu_PoC;;0
Active power - RMS;11;min_max,average;;meas\s:ppoc_pu;0
Reactive power - EMT;11;min_max,average;Q_pu_PoC;;0
Reactive power - RMS;11;min_max,average;;meas\s:qpoc_pu;0
Active power - EMT;12;min_max,average;P_pu_PoC;;0
Active power - RMS;12;min_max,average;;meas\s:ppoc_pu;0
Reactive power - EMT;12;min_max,average;Q_pu_PoC;;0
Reactive power - RMS;12;min_max,average;;meas\s:qpoc_pu;0
Active power - EMT;13;min_max,average;P_pu_PoC;;0
Active power - RMS;13;min_max,average;;meas\s:ppoc_pu;0
Reactive power - EMT;13;min_max,average;Q_pu_PoC;;0
Reactive power - RMS;13;min_max,average;;meas\s:qpoc_pu;0
Active power - EMT;14;min_max,average;P_pu_PoC;;0
Active power - RMS;14;min_max,average;;meas\s:ppoc_pu;0
Reactive power - EMT;14;min_max,average;Q_pu_PoC;;0
Reactive power - RMS;14;min_max,average;;meas\s:qpoc_pu;0
Active power - EMT;15;min_max,average;P_pu_PoC;;0
Active power - RMS;15;min_max,average;;meas\s:ppoc_pu;0
Reactive power - EMT;15;min_max,average;Q_pu_PoC;;0
Reactive power - RMS;15;min_max,average;;meas\s:qpoc_pu;0
Active power - EMT;16;min_max,average;P_pu_PoC;;0
Active power - RMS;16;min_max,average;;meas\s:ppoc_pu;0
Reactive power - EMT;16;min_max,average;Q_pu_PoC;;0
Reactive power - RMS;16;min_max,average;;meas\s:qpoc_pu;0
Active power - EMT;17;min_max,average;P_pu_PoC;;0
Active power - RMS;17;min_max,average;;meas\s:ppoc_pu;0
Reactive power - EMT;17;min_max,average;Q_pu_PoC;;0
Reactive power - RMS;17;min_max,average;;meas\s:qpoc_pu;0
Active power - EMT;18;min_max,average;P_pu_PoC;;0
Active power - RMS;18;min_max,average;;meas\s:ppoc_pu;0
Reactive power - EMT;18;min_max,average;Q_pu_PoC;;0
Reactive power - RMS;18;min_max,average;;meas\s:qpoc_pu;0
Active power - EMT;19;min_max,average;P_pu_PoC;;0
Active power - RMS;19;min_max,average;;meas\s:ppoc_pu;0
Reactive power - EMT;19;min_max,average;Q_pu_PoC;;0
Reactive power - RMS;19;min_max,average;;meas\s:qpoc_pu;0
Active power - EMT;20;min_max,average;P_pu_PoC;;0
Active power - RMS;20;min_max,average;;meas\s:ppoc_pu;0
Reactive power - EMT;20;min_max,average;Q_pu_PoC;;0
Reactive power - RMS;20;min_max,average;;meas\s:qpoc_pu;0
Active power - EMT;21;min_max,average;P_pu_PoC;;0
Active power - RMS;21;min_max,average;;meas\s:ppoc_pu;0
Reactive power - EMT;21;min_max,average;Q_pu_PoC;;0
Reactive power - RMS;21;min_max,average;;meas\s:qpoc_pu;0
Active power - EMT;22;min_max,average;P_pu_PoC;;0
Active power - RMS;22;min_max,average;;meas\s:ppoc_pu;0
Reactive power - EMT;22;min_max,average;Q_pu_PoC;;0
Reactive power - RMS;22;min_max,average;;meas\s:qpoc_pu;0
Active power - EMT;23;min_max,average;P_pu_PoC;;0
Active power - RMS;23;min_max,average;;meas\s:ppoc_pu;0
Reactive power - EMT;23;min_max,average;Q_pu_PoC;;0
Reactive power - RMS;23;min_max,average;;meas\s:qpoc_pu;0
Active power - EMT;24;min_max,average;P_pu_PoC;;0
Active power - RMS;24;min_max,average;;meas\s:ppoc_pu;0
Reactive power - EMT;24;min_max,average;Q_pu_PoC;;0
Reactive power - RMS;24;min_max,average;;meas\s:qpoc_pu;0
Active power - EMT;25;min_max,average;P_pu_PoC;;0
Active power - RMS;25;min_max,average;;meas\s:ppoc_pu;0
Reactive power - EMT;25;min_max,average;Q_pu_PoC;;0
Reactive power - RMS;25;min_max,average;;meas\s:qpoc_pu;0
Active power - EMT;26;min_max,average;P_pu_PoC;;0
Active power - RMS;26;min_max,average;;meas\s:ppoc_pu;0
Reactive power - EMT;26;min_max,average;Q_pu_PoC;;0
Reactive power - RMS;26;min_max,average;;meas\s:qpoc_pu;0
Active power - EMT;27;min_max,average;P_pu_PoC;;0
Active power - RMS;27;min_max,average;;meas\s:ppoc_pu;0
Reactive power - EMT;27;min_max,average;Q_pu_PoC;;0
Reactive power - RMS;27;min_max,average;;meas\s:qpoc_pu;0
Active power - EMT;28;min_max,average;P_pu_PoC;;0
Active power - RMS;28;min_max,average;;meas\s:ppoc_pu;0
Reactive power - EMT;28;min_max,average;Q_pu_PoC;;0
Reactive power - RMS;28;min_max,average;;meas\s:qpoc_pu;0
Active power - EMT;29;min_max,average;P_pu_PoC;;0
Active power - RMS;29;min_max,average;;meas\s:ppoc_pu;0
Reactive power - EMT;29;min_max,average;Q_pu_PoC;;0
Reactive power - RMS;29;min_max,average;;meas\s:qpoc_pu;0
Active power - EMT;30;min_max,average;P_pu_PoC;;0
Active power - RMS;30;min_max,average;;meas\s:ppoc_pu;0
Reactive power - EMT;30;min_max,average;Q_pu_PoC;;0
Reactive power - RMS;30;min_max,average;;meas\s:qpoc_pu;0
Active power - EMT;31;min_max,average;P_pu_PoC;;0
Active power - RMS;31;min_max,average;;meas\s:ppoc_pu;0
Reactive power - EMT;31;min_max,average;Q_pu_PoC;;0
Reactive power - RMS;31;min_max,average;;meas\s:qpoc_pu;0
Active power - EMT;32;min_max,average;P_pu_PoC;;0
Active power - RMS;32;min_max,average;;meas\s:ppoc_pu;0
Reactive power - EMT;32;min_max,average;Q_pu_PoC;;0
Reactive power - RMS;32;min_max,average;;meas\s:qpoc_pu;0
Active power - EMT;33;min_max,average;P_pu_PoC;;0
Active power - RMS;33;min_max,average;;meas\s:ppoc_pu;0
Reactive power - EMT;33;min_max,average;Q_pu_PoC;;0
Reactive power - RMS;33;min_max,average;;meas\s:qpoc_pu;0
Active power - EMT;34;min_max,average;P_pu_PoC;;0
Active power - RMS;34;min_max,average;;meas\s:ppoc_pu;0
Reactive power - EMT;34;min_max,average;Q_pu_PoC;;0
Reactive power - RMS;34;min_max,average;;meas\s:qpoc_pu;0
Active power - EMT;35;min_max,average;P_pu_PoC;;0
Active power - RMS;35;min_max,average;;meas\s:ppoc_pu;0
Reactive power - EMT;35;min_max,average;Q_pu_PoC;;0
Reactive power - RMS;35;min_max,average;;meas\s:qpoc_pu;0
Active power - EMT;36;min_max,average;P_pu_PoC;;0
Active power - RMS;36;min_max,average;;meas\s:ppoc_pu;0
Reactive power - EMT;36;min_max,average;Q_pu_PoC;;0
Reactive power - RMS;36;min_max,average;;meas\s:qpoc_pu;0
Active power - EMT;37;min_max,average;P_pu_PoC;;0
Active power - RMS;37;min_max,average;;meas\s:ppoc_pu;0
Reactive power - EMT;37;min_max,average;Q_pu_PoC;;0
Reactive power - RMS;37;min_max,average;;meas\s:qpoc_pu;0
Active power - EMT;38;min_max,average;P_pu_PoC;;0
Active power - RMS;38;min_max,average;;meas\s:ppoc_pu;0
Reactive power - EMT;38;min_max,average;Q_pu_PoC;;0
Reactive power - RMS;38;min_max,average;;meas\s:qpoc_pu;0
Active power - EMT;39;min_max,average;P_pu_PoC;;0
Active power - RMS;39;min_max,average;;meas\s:ppoc_pu;0
Reactive power - EMT;39;min_max,average;Q_pu_PoC;;0
Reactive power - RMS;39;min_max,average;;meas\s:qpoc_pu;0
Active power - EMT;40;min_max,average;P_pu_PoC;;0
Active power - RMS;40;min_max,average;;meas\s:ppoc_pu;0
Reactive power - EMT;40;min_max,average;Q_pu_PoC;;0
Reactive power - RMS;40;min_max,average;;meas\s:qpoc_pu;0
Active power - EMT;41;min_max,average;P_pu_PoC;;0
Active power - RMS;41;min_max,average;;meas\s:ppoc_pu;0
Reactive power - EMT;41;min_max,average;Q_pu_PoC;;0
Reactive power - RMS;41;min_max,average;;meas\s:qpoc_pu;0
Active power - EMT;42;min_max,average;P_pu_PoC;;0
Active power - RMS;42;min_max,average;;meas\s:ppoc_pu;0
Reactive power - EMT;42;min_max,average;Q_pu_PoC;;0
Reactive power - RMS;42;min_max,average;;meas\s:qpoc_pu;0
Active power - EMT;43;min_max,average;P_pu_PoC;;0
Active power - RMS;43;min_max,average;;meas\s:ppoc_pu;0
Reactive power - EMT;43;min_max,average;Q_pu_PoC;;0
Reactive power - RMS;43;min_max,average;;meas\s:qpoc_pu;0
Active power - EMT;44;min_max,average;P_pu_PoC;;0
Active power - RMS;44;min_max,average;;meas\s:ppoc_pu;0
Reactive power - EMT;44;min_max,average;Q_pu_PoC;;0
Reactive power - RMS;44;min_max,average;;meas\s:qpoc_pu;0
Active power - EMT;45;min_max,average;P_pu_PoC;;0
Active power - RMS;45;min_max,average;;meas\s:ppoc_pu;0
Reactive power - EMT;45;min_max,average;Q_pu_PoC;;0
Reactive power - RMS;45;min_max,average;;meas\s:qpoc_pu;0
Active power - EMT;46;min_max,average;P_pu_PoC;;0
Active power - RMS;46;min_max,average;;meas\s:ppoc_pu;0
Reactive power - EMT;46;min_max,average;Q_pu_PoC;;0
Reactive power - RMS;46;min_max,average;;meas\s:qpoc_pu;0
Active power - EMT;47;min_max,average;P_pu_PoC;;0
Active power - RMS;47;min_max,average;;meas\s:ppoc_pu;0
Reactive power - EMT;47;min_max,average;Q_pu_PoC;;0
Reactive power - RMS;47;min_max,average;;meas\s:qpoc_pu;0
Active power - EMT;48;min_max,average;P_pu_PoC;;0
Active power - RMS;48;min_max,average;;meas\s:ppoc_pu;0
Reactive power - EMT;48;min_max,average;Q_pu_PoC;;0
Reactive power - RMS;48;min_max,average;;meas\s:qpoc_pu;0
Active power - EMT;49;min_max,average;P_pu_PoC;;0
Active power - RMS;49;min_max,average;;meas\s:ppoc_pu;0
Reactive power - EMT;49;min_max,average;Q_pu_PoC;;0
Reactive power - RMS;49;min_max,average;;meas\s:qpoc_pu;0
Active power - EMT;50;min_max,average;P_pu_PoC;;0
Active power - RMS;50;min_max,average;;meas\s:ppoc_pu;0
Reactive power - EMT;50;min_max,average;Q_pu_PoC;;0
Reactive power - RMS;50;min_max,average;;meas\s:qpoc_pu;0
Active power - EMT;51;min_max,average;P_pu_PoC;;0
Active power - RMS;51;min_max,average;;meas\s:ppoc_pu;0
Reactive power - EMT;51;min_max,average;Q_pu_PoC;;0
Reactive power - RMS;51;min_max,average;;meas\s:qpoc_pu;0
Active power - EMT;52;min_max,average;P_pu_PoC;;0
Active power - RMS;52;min_max,average;;meas\s:ppoc_pu;0
Reactive power - EMT;52;min_max,average;Q_pu_PoC;;0
Reactive power - RMS;52;min_max,average;;meas\s:qpoc_pu;0
Active power - EMT;53;min_max,average;P_pu_PoC;;0
Active power - RMS;53;min_max,average;;meas\s:ppoc_pu;0
Reactive power - EMT;53;min_max,average;Q_pu_PoC;;0
Reactive power - RMS;53;min_max,average;;meas\s:qpoc_pu;0
Active power - EMT;54;min_max,average;P_pu_PoC;;0
Active power - RMS;54;min_max,average;;meas\s:ppoc_pu;0
Reactive power - EMT;54;min_max,average;Q_pu_PoC;;0
Reactive power - RMS;54;min_max,average;;meas\s:qpoc_pu;0
Active power - EMT;55;min_max,average;P_pu_PoC;;0
Active power - RMS;55;min_max,average;;meas\s:ppoc_pu;0
Reactive power - EMT;55;min_max,average;Q_pu_PoC;;0
Reactive power - RMS;55;min_max,average;;meas\s:qpoc_pu;0
Active power - EMT;56;min_max,average;P_pu_PoC;;0
Active power - RMS;56;min_max,average;;meas\s:ppoc_pu;0
Reactive power - EMT;56;min_max,average;Q_pu_PoC;;0
Reactive power - RMS;56;min_max,average;;meas\s:qpoc_pu;0
Active power - EMT;57;min_max,average;P_pu_PoC;;0
Active power - RMS;57;min_max,average;;meas\s:ppoc_pu;0
Reactive power - EMT;57;min_max,average;Q_pu_PoC;;0
Reactive power - RMS;57;min_max,average;;meas\s:qpoc_pu;0
Active power - EMT;58;min_max,average;P_pu_PoC;;0
Active power - RMS;58;min_max,average;;meas\s:ppoc_pu;0
Reactive power - EMT;58;min_max,average;Q_pu_PoC;;0
Reactive power - RMS;58;min_max,average;;meas\s:qpoc_pu;0
Active power - EMT;59;min_max,average;P_pu_PoC;;0
Active power - RMS;59;min_max,average;;meas\s:ppoc_pu;0
Reactive power - EMT;59;min_max,average;Q_pu_PoC;;0
Reactive power - RMS;59;min_max,average;;meas\s:qpoc_pu;0
Active power - EMT;60;min_max,average;P_pu_PoC;;0
Active power - RMS;60;min_max,average;;meas\s:ppoc_pu;0
Reactive power - EMT;60;min_max,average;Q_pu_PoC;;0
Reactive power - RMS;60;min_max,average;;meas\s:qpoc_pu;0
Active power - EMT;61;min_max,average;P_pu_PoC;;0
Active power - RMS;61;min_max,average;;meas\s:ppoc_pu;0
Reactive power - EMT;61;min_max,average;Q_pu_PoC;;0
Reactive power - RMS;61;min_max,average;;meas\s:qpoc_pu;0
Active power - EMT;62;min_max,average;P_pu_PoC;;0
Active power - RMS;62;min_max,average;;meas\s:ppoc_pu;0
Reactive power - EMT;62;min_max,average;Q_pu_PoC;;0
Reactive power - RMS;62;min_max,average;;meas\s:qpoc_pu;0
Active power - EMT;63;min_max,average;P_pu_PoC;;0
Active power - RMS;63;min_max,average;;meas\s:ppoc_pu;0
Reactive power - EMT;63;min_max,average;Q_pu_PoC;;0
Reactive power - RMS;63;min_max,average;;meas\s:qpoc_pu;0
Active power - EMT;64;min_max,average;P_pu_PoC;;0
Active power - RMS;64;min_max,average;;meas\s:ppoc_pu;0
Reactive power - EMT;64;min_max,average;Q_pu_PoC;;0
Reactive power - RMS;64;min_max,average;;meas\s:qpoc_pu;0
Active power - EMT;65;min_max,average;P_pu_PoC;;0
Active power - RMS;65;min_max,average;;meas\s:ppoc_pu;0
Reactive power - EMT;65;min_max,average;Q_pu_PoC;;0
Reactive power - RMS;65;min_max,average;;meas\s:qpoc_pu;0
Active power - EMT;66;min_max,average;P_pu_PoC;;0
Active power - RMS;66;min_max,average;;meas\s:ppoc_pu;0
Reactive power - EMT;66;min_max,average;Q_pu_PoC;;0
Reactive power - RMS;66;min_max,average;;meas\s:qpoc_pu;0
Active power - EMT;67;min_max,average;P_pu_PoC;;0
Active power - RMS;67;min_max,average;;meas\s:ppoc_pu;0
Reactive power - EMT;67;min_max,average;Q_pu_PoC;;0
Reactive power - RMS;67;min_max,average;;meas\s:qpoc_pu;0
Active power - EMT;68;min_max,average;P_pu_PoC;;0
Active power - RMS;68;min_max,average;;meas\s:ppoc_pu;0
Reactive power - EMT;68;min_max,average;Q_pu_PoC;;0
Reactive power - RMS;68;min_max,average;;meas\s:qpoc_pu;0
Active power - EMT;69;min_max,average;P_pu_PoC;;0
Active power - RMS;69;min_max,average;;meas\s:ppoc_pu;0
Reactive power - EMT;69;min_max,average;Q_pu_PoC;;0
Reactive power - RMS;69;min_max,average;;meas\s:qpoc_pu;0
Active power - EMT;70;min_max,average;P_pu_PoC;;0
Active power - RMS;70;min_max,average;;meas\s:ppoc_pu;0
Reactive power - EMT;70;min_max,average;Q_pu_PoC;;0
Reactive power - RMS;70;min_max,average;;meas\s:qpoc_pu;0
Active power - EMT;71;min_max,average;P_pu_PoC;;0
Active power - RMS;71;min_max,average;;meas\s:ppoc_pu;0
Reactive power - EMT;71;min_max,average;Q_pu_PoC;;0
Reactive power - RMS;71;min_max,average;;meas\s:qpoc_pu;0
Active power - EMT;72;min_max,average;P_pu_PoC;;0
Active power - RMS;72;min_max,average;;meas\s:ppoc_pu;0
Reactive power - EMT;72;min_max,average;Q_pu_PoC;;0
Reactive power - RMS;72;min_max,average;;meas\s:qpoc_pu;0
Active power - EMT;73;min_max,average;P_pu_PoC;;0
Active power - RMS;73;min_max,average;;meas\s:ppoc_pu;0
Reactive power - EMT;73;min_max,average;Q_pu_PoC;;0
Reactive power - RMS;73;min_max,average;;meas\s:qpoc_pu;0
Active power - EMT;74;min_max,average;P_pu_PoC;;0
Active power - RMS;74;min_max,average;;meas\s:ppoc_pu;0
Reactive power - EMT;74;min_max,average;Q_pu_PoC;;0
Reactive power - RMS;74;min_max,average;;meas\s:qpoc_pu;0
Active power - EMT;75;min_max,average;P_pu_PoC;;0
Active power - RMS;75;min_max,average;;meas\s:ppoc_pu;0
Reactive power - EMT;75;min_max,average;Q_pu_PoC;;0
Reactive power - RMS;75;min_max,average;;meas\s:qpoc_pu;0
Active power - EMT;76;min_max,average;P_pu_PoC;;0
Active power - RMS;76;min_max,average;;meas\s:ppoc_pu;0
Reactive power - EMT;76;min_max,average;Q_pu_PoC;;0
Reactive power - RMS;76;min_max,average;;meas\s:qpoc_pu;0
Active power - EMT;77;min_max,average;P_pu_PoC;;0
Active power - RMS;77;min_max,average;;meas\s:ppoc_pu;0
Reactive power - EMT;77;min_max,average;Q_pu_PoC;;0
Reactive power - RMS;77;min_max,average;;meas\s:qpoc_pu;0
Active power - EMT;78;min_max,average;P_pu_PoC;;0
Active power - RMS;78;min_max,average;;meas\s:ppoc_pu;0
Reactive power - EMT;78;min_max,average;Q_pu_PoC;;0
Reactive power - RMS;78;min_max,average;;meas\s:qpoc_pu;0
Active power - EMT;79;min_max,average;P_pu_PoC;;0
Active power - RMS;79;min_max,average;;meas\s:ppoc_pu;0
Reactive power - EMT;79;min_max,average;Q_pu_PoC;;0
Reactive power - RMS;79;min_max,average;;meas\s:qpoc_pu;0
Active power - EMT;80;min_max,average;P_pu_PoC;;0
Active power - RMS;80;min_max,average;;meas\s:ppoc_pu;0
Reactive power - EMT;80;min_max,average;Q_pu_PoC;;0
Reactive power - RMS;80;min_max,average;;meas\s:qpoc_pu;0
Active power - EMT;81;min_max,average;P_pu_PoC;;0
Active power - RMS;81;min_max,average;;meas\s:ppoc_pu;0
Reactive power - EMT;81;min_max,average;Q_pu_PoC;;0
Reactive power - RMS;81;min_max,average;;meas\s:qpoc_pu;0
Active power - EMT;82;min_max,average;P_pu_PoC;;0
Active power - RMS;82;min_max,average;;meas\s:ppoc_pu;0
Reactive power - EMT;82;min_max,average;Q_pu_PoC;;0
Reactive power - RMS;82;min_max,average;;meas\s:qpoc_pu;0
Active power - EMT;83;min_max,average;P_pu_PoC;;0
Active power - RMS;83;min_max,average;;meas\s:ppoc_pu;0
Reactive power - EMT;83;min_max,average;Q_pu_PoC;;0
Reactive power - RMS;83;min_max,average;;meas\s:qpoc_pu;0
Active power - EMT;84;min_max,average;P_pu_PoC;;0
Active power - RMS;84;min_max,average;;meas\s:ppoc_pu;0
Reactive power - EMT;84;min_max,average;Q_pu_PoC;;0
Reactive power - RMS;84;min_max,average;;meas\s:qpoc_pu;0
Active power - EMT;85;min_max,average;P_pu_PoC;;0
Active power - RMS;85;min_max,average;;meas\s:ppoc_pu;0
Reactive power - EMT;85;min_max,average;Q_pu_PoC;;0
Reactive power - RMS;85;min_max,average;;meas\s:qpoc_pu;0
Active power - EMT;86;min_max,average;P_pu_PoC;;0
Active power - RMS;86;min_max,average;;meas\s:ppoc_pu;0
Reactive power - EMT;86;min_max,average;Q_pu_PoC;;0
Reactive power - RMS;86;min_max,average;;meas\s:qpoc_pu;0
Active power - EMT;87;min_max,average;P_pu_PoC;;0
Active power - RMS;87;min_max,average;;meas\s:ppoc_pu;0
Reactive power - EMT;87;min_max,average;Q_pu_PoC;;0
Reactive power - RMS;87;min_max,average;;meas\s:qpoc_pu;0
Active power - EMT;88;min_max,average;P_pu_PoC;;0
Active power - RMS;88;min_max,average;;meas\s:ppoc_pu;0
Reactive power - EMT;88;min_max,average;Q_pu_PoC;;0
Reactive power - RMS;88;min_max,average;;meas\s:qpoc_pu;0
Active power - EMT;89;min_max,average;P_pu_PoC;;0
Active power - RMS;89;min_max,average;;meas\s:ppoc_pu;0
Reactive power - EMT;89;min_max,average;Q_pu_PoC;;0
Reactive power - RMS;89;min_max,average;;meas\s:qpoc_pu;0
Active power - EMT;90;min_max,average;P_pu_PoC;;0
Active power - RMS;90;min_max,average;;meas\s:ppoc_pu;0
Reactive power - EMT;90;min_max,average;Q_pu_PoC;;0
Reactive power - RMS;90;min_max,average;;meas\s:qpoc_pu;0
Active power - EMT;91;min_max,average;P_pu_PoC;;0
Active power - RMS;91;min_max,average;;meas\s:ppoc_pu;0
Reactive power - EMT;91;min_max,average;Q_pu_PoC;;0
Reactive power - RMS;91;min_max,average;;meas\s:qpoc_pu;0
Active power - EMT;92;min_max,average;P_pu_PoC;;0
Active power - RMS;92;min_max,average;;meas\s:ppoc_pu;0
Reactive power - EMT;92;min_max,average;Q_pu_PoC;;0
Reactive power - RMS;92;min_max,average;;meas\s:qpoc_pu;0
Active power - EMT;93;min_max,average;P_pu_PoC;;0
Active power - RMS;93;min_max,average;;meas\s:ppoc_pu;0
Reactive power - EMT;93;min_max,average;Q_pu_PoC;;0
Reactive power - RMS;93;min_max,average;;meas\s:qpoc_pu;0
Active power - EMT;94;min_max,average;P_pu_PoC;;0
Active power - RMS;94;min_max,average;;meas\s:ppoc_pu;0
Reactive power - EMT;94;min_max,average;Q_pu_PoC;;0
Reactive power - RMS;94;min_max,average;;meas\s:qpoc_pu;0
Active power - EMT;95;min_max,average;P_pu_PoC;;0
Active power - RMS;95;min_max,average;;meas\s:ppoc_pu;0
Reactive power - EMT;95;min_max,average;Q_pu_PoC;;0
Reactive power - RMS;95;min_max,average;;meas\s:qpoc_pu;0
Active power - EMT;96;min_max,average;P_pu_PoC;;0
Active power - RMS;96;min_max,average;;meas\s:ppoc_pu;0
Reactive power - EMT;96;min_max,average;Q_pu_PoC;;0
Reactive power - RMS;96;min_max,average;;meas\s:qpoc_pu;0
Active power - EMT;97;min_max,average;P_pu_PoC;;0
Active power - RMS;97;min_max,average;;meas\s:ppoc_pu;0
Reactive power - EMT;97;min_max,average;Q_pu_PoC;;0
Reactive power - RMS;97;min_max,average;;meas\s:qpoc_pu;0
Active power - EMT;98;min_max,average;P_pu_PoC;;0
Active power - RMS;98;min_max,average;;meas\s:ppoc_pu;0
Reactive power - EMT;98;min_max,average;Q_pu_PoC;;0
Reactive power - RMS;98;min_max,average;;meas\s:qpoc_pu;0
Active power - EMT;99;min_max,average;P_pu_PoC;;0
Active power - RMS;99;min_max,average;;meas\s:ppoc_pu;0
Reactive power - EMT;99;min_max,average;Q_pu_PoC;;0
Reactive power - RMS;99;min_max,average;;meas\s:qpoc_pu;0
Active power - EMT;100;min_max,average;P_pu_PoC;;0
Active power - RMS;100;min_max,average;;meas\s:ppoc_pu;0
Reactive power - EMT;100;min_max,average;Q_pu_PoC;;0
Reactive power - RMS;100;min_max,average;;meas\s:qpoc_pu;0
Active power - EMT;101;min_max,average;P_pu_PoC;;0
Active power - RMS;101;min_max,average;;meas\s:ppoc_pu;0
Reactive power - EMT;101;min_max,average;Q_pu_PoC;;0
Reactive power - RMS;101;min_max,average;;meas\s:qpoc_pu;0
Active power - EMT;102;min_max,average;P_pu_PoC;;0
Active power - RMS;102;min_max,average;;meas\s:ppoc_pu;0
Reactive power - EMT;102;min_max,average;Q_pu_PoC;;0
Reactive power - RMS;102;min_max,average;;meas\s:qpoc_pu;0
Active power - EMT;103;min_max,average;P_pu_PoC;;0
Active power - RMS;103;min_max,average;;meas\s:ppoc_pu;0
Reactive power - EMT;103;min_max,average;Q_pu_PoC;;0
Reactive power - RMS;103;min_max,average;;meas\s:qpoc_pu;0
Active power - EMT;104;min_max,average;P_pu_PoC;;0
Active power - RMS;104;min_max,average;;meas\s:ppoc_pu;0
Reactive power - EMT;104;min_max,average;Q_pu_PoC;;0
Reactive power - RMS;104;min_max,average;;meas\s:qpoc_pu;0
Active power - EMT;105;min_max,average;P_pu_PoC;;0
Active power - RMS;105;min_max,average;;meas\s:ppoc_pu;0
Reactive power - EMT;105;min_max,average;Q_pu_PoC;;0
Reactive power - RMS;105;min_max,average;;meas\s:qpoc_pu;0
Active power - EMT;106;min_max,average;P_pu_PoC;;0
Active power - RMS;106;min_max,average;;meas\s:ppoc_pu;0
Reactive power - EMT;106;min_max,average;Q_pu_PoC;;0
Reactive power - RMS;106;min_max,average;;meas\s:qpoc_pu;0
Active power - EMT;107;min_max,average;P_pu_PoC;;0
Active power - RMS;107;min_max,average;;meas\s:ppoc_pu;0
Reactive power - EMT;107;min_max,average;Q_pu_PoC;;0
Reactive power - RMS;107;min_max,average;;meas\s:qpoc_pu;0
Active power - EMT;108;min_max,average;P_pu_PoC;;0
Active power - RMS;108;min_max,average;;meas\s:ppoc_pu;0
Reactive power - EMT;108;min_max,average;Q_pu_PoC;;0
Reactive power - RMS;108;min_max,average;;meas\s:qpoc_pu;0
Active power - EMT;109;min_max,average;P_pu_PoC;;0
Active power - RMS;109;min_max,average;;meas\s:ppoc_pu;0
Reactive power - EMT;109;min_max,average;Q_pu_PoC;;0
Reactive power - RMS;109;min_max,average;;meas\s:qpoc_pu;0
Active power - EMT;110;min_max,average;P_pu_PoC;;0
Active power - RMS;110;min_max,average;;meas\s:ppoc_pu;0
Reactive power - EMT;110;min_max,average;Q_pu_PoC;;0
Reactive power - RMS;110;min_max,average;;meas\s:qpoc_pu;0
Active power - EMT;111;min_max,average;P_pu_PoC;;0
Active power - RMS;111;min_max,average;;meas\s:ppoc_pu;0
Reactive power - EMT;111;min_max,average;Q_pu_PoC;;0
Reactive power - RMS;111;min_max,average;;meas\s:qpoc_pu;0
Active power - EMT;112;min_max,average;P_pu_PoC;;0
Active power - RMS;112;min_max,average;;meas\s:ppoc_pu;0
Reactive power - EMT;112;min_max,average;Q_pu_PoC;;0
Reactive power - RMS;112;min_max,average;;meas\s:qpoc_pu;0
Active power - EMT;113;min_max,average;P_pu_PoC;;0
Active power - RMS;113;min_max,average;;meas\s:ppoc_pu;0
Reactive power - EMT;113;min_max,average;Q_pu_PoC;;0
Reactive power - RMS;113;min_max,average;;meas\s:qpoc_pu;0
Active power - EMT;114;min_max,average;P_pu_PoC;;0
Active power - RMS;114;min_max,average;;meas\s:ppoc_pu;0
Reactive power - EMT;114;min_max,average;Q_pu_PoC;;0
Reactive power - RMS;114;min_max,average;;meas\s:qpoc_pu;0
Active power - EMT;115;min_max,average;P_pu_PoC;;0
Active power - RMS;115;min_max,average;;meas\s:ppoc_pu;0
Reactive power - EMT;115;min_max,average;Q_pu_PoC;;0
Reactive power - RMS;115;min_max,average;;meas\s:qpoc_pu;0
Active power - EMT;116;min_max,average;P_pu_PoC;;0
Active power - RMS;116;min_max,average;;meas\s:ppoc_pu;0
Reactive power - EMT;116;min_max,average;Q_pu_PoC;;0
Reactive power - RMS;116;min_max,average;;meas\s:qpoc_pu;0
Active power - EMT;117;min_max,average;P_pu_PoC;;0
Active power - RMS;117;min_max,average;;meas\s:ppoc_pu;0
Reactive power - EMT;117;min_max,average;Q_pu_PoC;;0
Reactive power - RMS;117;min_max,average;;meas\s:qpoc_pu;0
Active power - EMT;118;min_max,average;P_pu_PoC;;0
Active power - RMS;118;min_max,average;;meas\s:ppoc_pu;0
Reactive power - EMT;118;min_max,average;Q_pu_PoC;;0
Reactive power - RMS;118;min_max,average;;meas\s:qpoc_pu;0
Active power - EMT;119;min_max,average;P_pu_PoC;;0
Active power - RMS;119;min_max,average;;meas\s:ppoc_pu;0
Reactive power - EMT;119;min_max,average;Q_pu_PoC;;0
Reactive power - RMS;119;min_max,average;;meas\s:qpoc_pu;0
Active power - EMT;120;min_max,average;P_pu_PoC;;0
Active power - RMS;120;min_max,average;;meas\s:ppoc_pu;0
Reactive power - EMT;120;min_max,average;Q_pu_PoC;;0
Reactive power - RMS;120;min_max,average;;meas\s:qpoc_pu;0
Active power - EMT;121;min_max,average;P_pu_PoC;;0
Active power - RMS;121;min_max,average;;meas\s:ppoc_pu;0
Reactive power - EMT;121;min_max,average;Q_pu_PoC;;0
Reactive power - RMS;121;min_max,average;;meas\s:qpoc_pu;0
Active power - EMT;122;min_max,average;P_pu_PoC;;0
Active power - RMS;122;min_max,average;;meas\s:ppoc_pu;0
Reactive power - EMT;122;min_max,average;Q_pu_PoC;;0
Reactive power - RMS;122;min_max,average;;meas\s:qpoc_pu;0
Active power - EMT;123;min_max,average;P_pu_PoC;;0
Active power - RMS;123;min_max,average;;meas\s:ppoc_pu;0
Reactive power - EMT;123;min_max,average;Q_pu_PoC;;0
Reactive power - RMS;123;min_max,average;;meas\s:qpoc_pu;0
Active power - EMT;124;min_max,average;P_pu_PoC;;0
Active power - RMS;124;min_max,average;;meas\s:ppoc_pu;0
Reactive power - EMT;124;min_max,average;Q_pu_PoC;;0
Reactive power - RMS;124;min_max,average;;meas\s:qpoc_pu;0
Active power - EMT;125;min_max,average;P_pu_PoC;;0
Active power - RMS;125;min_max,average;;meas\s:ppoc_pu;0
Reactive power - EMT;125;min_max,average;Q_pu_PoC;;0
Reactive power - RMS;125;min_max,average;;meas\s:qpoc_pu;0
Active power - EMT;126;min_max,average;P_pu_PoC;;0
Active power - RMS;126;min_max,average;;meas\s:ppoc_pu;0
Reactive power - EMT;126;min_max,average;Q_pu_PoC;;0
Reactive power - RMS;126;min_max,average;;meas\s:qpoc_pu;0
Active power - EMT;127;min_max,average;P_pu_PoC;;0
Active power - RMS;127;min_max,average;;meas\s:ppoc_pu;0
Reactive power - EMT;127;min_max,average;P_pu_PoC;;0
Reactive power - RMS;127;min_max,average;;meas\s:ppoc_pu;0
Active power - EMT;128;min_max,average;Q_pu_PoC;;0
Active power - RMS;128;min_max,average;;meas\s:qpoc_pu;0
Reactive power - EMT;128;min_max,average;P_pu_PoC;;0
Reactive power - RMS;128;min_max,average;;meas\s:ppoc_pu;0
Active power - EMT;129;min_max,average;Q_pu_PoC;;0
Active power - RMS;129;min_max,average;;meas\s:qpoc_pu;0
Reactive power - EMT;129;min_max,average;P_pu_PoC;;0
Reactive power - RMS;129;min_max,average;;meas\s:ppoc_pu;0
Active power - EMT;130;min_max,average;Q_pu_PoC;;0
Active power - RMS;130;min_max,average;;meas\s:qpoc_pu;0
Reactive power - EMT;130;min_max,average;P_pu_PoC;;0
Reactive power - RMS;130;min_max,average;;meas\s:ppoc_pu;0
Active power - EMT;131;min_max,average;Q_pu_PoC;;0
Active power - RMS;131;min_max,average;;meas\s:qpoc_pu;0
Reactive power - EMT;131;min_max,average;P_pu_PoC;;0
Reactive power - RMS;131;min_max,average;;meas\s:ppoc_pu;0
Active power - EMT;132;min_max,average;Q_pu_PoC;;0
Active power - RMS;132;min_max,average;;meas\s:qpoc_pu;0
Reactive power - EMT;132;min_max,average;P_pu_PoC;;0
Reactive power - RMS;132;min_max,average;;meas\s:ppoc_pu;0
Active power - EMT;133;min_max,average;Q_pu_PoC;;0
Active power - RMS;133;min_max,average;;meas\s:qpoc_pu;0
Reactive power - EMT;133;min_max,average;P_pu_PoC;;0
Reactive power - RMS;133;min_max,average;;meas\s:ppoc_pu;0
Active power - EMT;134;min_max,average;Q_pu_PoC;;0
Active power - RMS;134;min_max,average;;meas\s:qpoc_pu;0
Reactive power - EMT;134;min_max,average;P_pu_PoC;;0
Reactive power - RMS;134;min_max,average;;meas\s:ppoc_pu;0
Active power - EMT;135;min_max,average;P_pu_PoC;;0
Active power - RMS;135;min_max,average;;meas\s:ppoc_pu;0
Reactive power - EMT;135;min_max,average;Q_pu_PoC;;0
Reactive power - RMS;135;min_max,average;;meas\s:qpoc_pu;0
Active power - EMT;136;min_max,average;P_pu_PoC;;0
Active power - RMS;136;min_max,average;;meas\s:ppoc_pu;0
Reactive power - EMT;136;min_max,average;Q_pu_PoC;;0
Reactive power - RMS;136;min_max,average;;meas\s:qpoc_pu;0
Active power - EMT;137;min_max,average;P_pu_PoC;;0
Active power - RMS;137;min_max,average;;meas\s:ppoc_pu;0
Reactive power - EMT;137;min_max,average;Q_pu_PoC;;0
Reactive power - RMS;137;min_max,average;;meas\s:qpoc_pu;0
Active power - EMT;138;min_max,average;P_pu_PoC;;0
Active power - RMS;138;min_max,average;;meas\s:ppoc_pu;0
Reactive power - EMT;138;min_max,average;Q_pu_PoC;;0
Reactive power - RMS;138;min_max,average;;meas\s:qpoc_pu;0
Active power - EMT;139;min_max,average;P_pu_PoC;;0
Active power - RMS;139;min_max,average;;meas\s:ppoc_pu;0
Reactive power - EMT;139;min_max,average;Q_pu_PoC;;0
Reactive power - RMS;139;min_max,average;;meas\s:qpoc_pu;0
Active power - EMT;140;min_max,average;P_pu_PoC;;0
Active power - RMS;140;min_max,average;;meas\s:ppoc_pu;0
Reactive power - EMT;140;min_max,average;Q_pu_PoC;;0
Reactive power - RMS;140;min_max,average;;meas\s:qpoc_pu;0
Active power - EMT;141;min_max,average;P_pu_PoC;;0
Active power - RMS;141;min_max,average;;meas\s:ppoc_pu;0
Reactive power - EMT;141;min_max,average;Q_pu_PoC;;0
Reactive power - RMS;141;min_max,average;;meas\s:qpoc_pu;0
Active power - EMT;142;min_max,average;P_pu_PoC;;0
Active power - RMS;142;min_max,average;;meas\s:ppoc_pu;0
Reactive power - EMT;142;min_max,average;Q_pu_PoC;;0
Reactive power - RMS;142;min_max,average;;meas\s:qpoc_pu;0
Active power - EMT;143;min_max,average;P_pu_PoC;;0
Active power - RMS;143;min_max,average;;meas\s:ppoc_pu;0
Reactive power - EMT;143;min_max,average;Q_pu_PoC;;0
Reactive power - RMS;143;min_max,average;;meas\s:qpoc_pu;0
Active power - EMT;144;min_max,average;P_pu_PoC;;0
Active power - RMS;144;min_max,average;;meas\s:ppoc_pu;0
Reactive power - EMT;144;min_max,average;Q_pu_PoC;;0
Reactive power - RMS;144;min_max,average;;meas\s:qpoc_pu;0
Active power - EMT;145;min_max,average;P_pu_PoC;;0
Active power - RMS;145;min_max,average;;meas\s:ppoc_pu;0
Reactive power - EMT;145;min_max,average;Q_pu_PoC;;0
Reactive power - RMS;145;min_max,average;;meas\s:qpoc_pu;0
Active power - EMT;146;min_max,average;P_pu_PoC;;0
Active power - RMS;146;min_max,average;;meas\s:ppoc_pu;0
Reactive power - EMT;146;min_max,average;Q_pu_PoC;;0
Reactive power - RMS;146;min_max,average;;meas\s:qpoc_pu;0
Active power - EMT;147;min_max,average;P_pu_PoC;;0
Active power - RMS;147;min_max,average;;meas\s:ppoc_pu;0
Reactive power - EMT;147;min_max,average;Q_pu_PoC;;0
Reactive power - RMS;147;min_max,average;;meas\s:qpoc_pu;0
Active power - EMT;148;min_max,average;P_pu_PoC;;0
Active power - RMS;148;min_max,average;;meas\s:ppoc_pu;0
Reactive power - EMT;148;min_max,average;Q_pu_PoC;;0
Reactive power - RMS;148;min_max,average;;meas\s:qpoc_pu;0
Active power - EMT;149;min_max,average;P_pu_PoC;;0
Active power - RMS;149;min_max,average;;meas\s:ppoc_pu;0
Reactive power - EMT;149;min_max,average;Q_pu_PoC;;0
Reactive power - RMS;149;min_max,average;;meas\s:qpoc_pu;0
Active power - EMT;150;min_max,average;P_pu_PoC;;0
Active power - RMS;150;min_max,average;;meas\s:ppoc_pu;0
Reactive power - EMT;150;min_max,average;Q_pu_PoC;;0
Reactive power - RMS;150;min_max,average;;meas\s:qpoc_pu;0
